date,age,negative,new_diagnoses,new_deaths,new_tests,yield
2020-01-27,0,1,0,0.0,1,0.0
2020-01-27,10,0,0,0.0,0,0.0
2020-01-27,20,1,0,0.0,1,0.0
2020-01-27,30,0,0,0.0,0,0.0
2020-01-27,40,1,0,0.0,1,0.0
2020-01-27,50,1,0,0.0,1,0.0
2020-01-27,60,1,0,0.0,1,0.0
2020-01-27,70,0,0,0.0,0,0.0
2020-01-27,80,0,0,0.0,0,0.0
2020-01-27,90,0,0,0.0,0,0.0
2020-01-28,0,0,0,0.0,0,0.0
2020-01-28,10,0,0,0.0,0,0.0
2020-01-28,20,0,0,0.0,0,0.0
2020-01-28,30,1,0,0.0,1,0.0
2020-01-28,40,0,0,0.0,0,0.0
2020-01-28,50,0,0,0.0,0,0.0
2020-01-28,60,0,0,0.0,0,0.0
2020-01-28,70,0,0,0.0,0,0.0
2020-01-28,80,0,0,0.0,0,0.0
2020-01-28,90,0,0,0.0,0,0.0
2020-01-29,0,0,0,0.0,0,0.0
2020-01-29,10,0,0,0.0,0,0.0
2020-01-29,20,0,0,0.0,0,0.0
2020-01-29,30,1,0,0.0,1,0.0
2020-01-29,40,1,0,0.0,1,0.0
2020-01-29,50,0,0,0.0,0,0.0
2020-01-29,60,0,0,0.0,0,0.0
2020-01-29,70,0,0,0.0,0,0.0
2020-01-29,80,0,0,0.0,0,0.0
2020-01-29,90,0,0,0.0,0,0.0
2020-01-31,0,0,0,0.0,0,0.0
2020-01-31,10,0,0,0.0,0,0.0
2020-01-31,20,0,0,0.0,0,0.0
2020-01-31,30,1,0,0.0,1,0.0
2020-01-31,40,1,0,0.0,1,0.0
2020-01-31,50,0,0,0.0,0,0.0
2020-01-31,60,0,0,0.0,0,0.0
2020-01-31,70,0,0,0.0,0,0.0
2020-01-31,80,0,0,0.0,0,0.0
2020-01-31,90,0,0,0.0,0,0.0
2020-02-02,0,0,0,0.0,0,0.0
2020-02-02,10,0,0,0.0,0,0.0
2020-02-02,20,0,0,0.0,0,0.0
2020-02-02,30,0,0,0.0,0,0.0
2020-02-02,40,0,0,0.0,0,0.0
2020-02-02,50,1,0,0.0,1,0.0
2020-02-02,60,0,0,0.0,0,0.0
2020-02-02,70,0,0,0.0,0,0.0
2020-02-02,80,0,0,0.0,0,0.0
2020-02-02,90,0,0,0.0,0,0.0
2020-02-04,0,0,0,0.0,0,0.0
2020-02-04,10,0,0,0.0,0,0.0
2020-02-04,20,0,0,0.0,0,0.0
2020-02-04,30,0,0,0.0,0,0.0
2020-02-04,40,1,0,0.0,1,0.0
2020-02-04,50,0,0,0.0,0,0.0
2020-02-04,60,0,0,0.0,0,0.0
2020-02-04,70,0,0,0.0,0,0.0
2020-02-04,80,0,0,0.0,0,0.0
2020-02-04,90,0,0,0.0,0,0.0
2020-02-05,0,0,0,0.0,0,0.0
2020-02-05,10,0,0,0.0,0,0.0
2020-02-05,20,1,0,0.0,1,0.0
2020-02-05,30,0,0,0.0,0,0.0
2020-02-05,40,0,0,0.0,0,0.0
2020-02-05,50,0,0,0.0,0,0.0
2020-02-05,60,0,0,0.0,0,0.0
2020-02-05,70,0,0,0.0,0,0.0
2020-02-05,80,0,0,0.0,0,0.0
2020-02-05,90,0,0,0.0,0,0.0
2020-02-19,0,0,0,0.0,0,0.0
2020-02-19,10,0,0,0.0,0,0.0
2020-02-19,20,0,0,0.0,0,0.0
2020-02-19,30,0,0,0.0,0,0.0
2020-02-19,40,0,0,0.0,0,0.0
2020-02-19,50,0,0,0.0,0,0.0
2020-02-19,60,2,0,0.0,2,0.0
2020-02-19,70,0,0,0.0,0,0.0
2020-02-19,80,0,0,0.0,0,0.0
2020-02-19,90,0,0,0.0,0,0.0
2020-02-20,0,0,0,0.0,0,0.0
2020-02-20,10,0,0,0.0,0,0.0
2020-02-20,20,0,0,0.0,0,0.0
2020-02-20,30,1,0,0.0,1,0.0
2020-02-20,40,0,0,0.0,0,0.0
2020-02-20,50,0,0,0.0,0,0.0
2020-02-20,60,0,0,0.0,0,0.0
2020-02-20,70,0,0,0.0,0,0.0
2020-02-20,80,0,0,0.0,0,0.0
2020-02-20,90,0,0,0.0,0,0.0
2020-02-21,0,0,0,0.0,0,0.0
2020-02-21,10,0,0,0.0,0,0.0
2020-02-21,20,0,0,0.0,0,0.0
2020-02-21,30,0,0,0.0,0,0.0
2020-02-21,40,0,0,0.0,0,0.0
2020-02-21,50,0,0,0.0,0,0.0
2020-02-21,60,0,0,0.0,0,0.0
2020-02-21,70,0,1,0.0,1,1.0
2020-02-21,80,0,0,0.0,0,0.0
2020-02-21,90,0,0,0.0,0,0.0
2020-02-22,0,0,0,0.0,0,0.0
2020-02-22,10,0,0,0.0,0,0.0
2020-02-22,20,0,0,0.0,0,0.0
2020-02-22,30,0,0,0.0,0,0.0
2020-02-22,40,0,0,0.0,0,0.0
2020-02-22,50,0,0,0.0,0,0.0
2020-02-22,60,0,0,0.0,0,0.0
2020-02-22,70,0,0,0.0,0,0.0
2020-02-22,80,0,0,0.0,0,0.0
2020-02-22,90,0,1,0.0,1,1.0
2020-02-23,0,0,0,0.0,0,0.0
2020-02-23,10,0,0,0.0,0,0.0
2020-02-23,20,0,0,0.0,0,0.0
2020-02-23,30,0,0,0.0,0,0.0
2020-02-23,40,0,0,0.0,0,0.0
2020-02-23,50,0,0,0.0,0,0.0
2020-02-23,60,0,0,0.0,0,0.0
2020-02-23,70,0,1,0.0,1,1.0
2020-02-23,80,0,0,0.0,0,0.0
2020-02-23,90,0,0,0.0,0,0.0
2020-02-24,0,0,0,0.0,0,0.0
2020-02-24,10,0,0,0.0,0,0.0
2020-02-24,20,0,0,0.0,0,0.0
2020-02-24,30,0,1,0.0,1,1.0
2020-02-24,40,1,0,0.0,1,0.0
2020-02-24,50,0,0,0.0,0,0.0
2020-02-24,60,0,0,0.0,0,0.0
2020-02-24,70,0,0,0.0,0,0.0
2020-02-24,80,0,0,0.0,0,0.0
2020-02-24,90,0,0,0.0,0,0.0
2020-02-25,0,0,0,0.0,0,0.0
2020-02-25,10,0,0,0.0,0,0.0
2020-02-25,20,0,0,0.0,0,0.0
2020-02-25,30,0,1,0.0,1,1.0
2020-02-25,40,0,0,0.0,0,0.0
2020-02-25,50,0,0,0.0,0,0.0
2020-02-25,60,0,0,0.0,0,0.0
2020-02-25,70,0,0,0.0,0,0.0
2020-02-25,80,0,0,0.0,0,0.0
2020-02-25,90,0,0,0.0,0,0.0
2020-02-26,0,0,0,0.0,0,0.0
2020-02-26,10,0,0,0.0,0,0.0
2020-02-26,20,0,0,0.0,0,0.0
2020-02-26,30,0,1,0.0,1,1.0
2020-02-26,40,0,0,0.0,0,0.0
2020-02-26,50,0,0,1.0,0,0.0
2020-02-26,60,0,1,0.0,1,1.0
2020-02-26,70,1,0,0.0,1,0.0
2020-02-26,80,0,0,1.0,0,0.0
2020-02-26,90,0,0,0.0,0,0.0
2020-02-27,0,0,0,0.0,0,0.0
2020-02-27,10,0,0,0.0,0,0.0
2020-02-27,20,0,0,0.0,0,0.0
2020-02-27,30,0,0,0.0,0,0.0
2020-02-27,40,0,1,0.0,1,1.0
2020-02-27,50,0,1,0.0,1,1.0
2020-02-27,60,0,1,0.0,1,1.0
2020-02-27,70,1,0,0.0,1,0.0
2020-02-27,80,0,0,0.0,0,0.0
2020-02-27,90,0,0,0.0,0,0.0
2020-02-28,0,0,0,0.0,0,0.0
2020-02-28,10,0,1,0.0,1,1.0
2020-02-28,20,0,0,0.0,0,0.0
2020-02-28,30,0,0,0.0,0,0.0
2020-02-28,40,0,1,0.0,1,1.0
2020-02-28,50,1,1,1.0,2,0.5
2020-02-28,60,0,0,0.0,0,0.0
2020-02-28,70,0,4,0.0,4,1.0
2020-02-28,80,0,1,1.0,1,1.0
2020-02-28,90,0,1,0.0,1,1.0
2020-02-29,0,0,0,0.0,0,0.0
2020-02-29,10,0,1,0.0,1,1.0
2020-02-29,20,0,1,0.0,1,1.0
2020-02-29,30,3,0,0.0,3,0.0
2020-02-29,40,2,2,0.0,4,0.5
2020-02-29,50,3,3,0.0,6,0.5
2020-02-29,60,0,2,0.0,2,1.0
2020-02-29,70,0,4,1.0,4,1.0
2020-02-29,80,0,3,0.0,3,1.0
2020-02-29,90,1,0,0.0,1,0.0
2020-03-01,0,3,0,0.0,3,0.0
2020-03-01,10,1,0,0.0,1,0.0
2020-03-01,20,6,1,0.0,7,0.14285714285714285
2020-03-01,30,6,3,0.0,9,0.3333333333333333
2020-03-01,40,3,1,0.0,4,0.25
2020-03-01,50,3,0,0.0,3,0.0
2020-03-01,60,6,7,0.0,13,0.5384615384615384
2020-03-01,70,1,0,2.0,1,0.0
2020-03-01,80,3,0,1.0,3,0.0
2020-03-01,90,0,0,0.0,0,0.0
2020-03-02,0,17,0,0.0,17,0.0
2020-03-02,10,5,0,0.0,5,0.0
2020-03-02,20,7,2,0.0,9,0.2222222222222222
2020-03-02,30,12,1,0.0,13,0.07692307692307693
2020-03-02,40,7,4,0.0,11,0.36363636363636365
2020-03-02,50,12,2,0.0,14,0.14285714285714285
2020-03-02,60,7,2,0.0,9,0.2222222222222222
2020-03-02,70,8,3,2.0,11,0.2727272727272727
2020-03-02,80,4,4,0.0,8,0.5
2020-03-02,90,2,1,0.0,3,0.3333333333333333
2020-03-03,0,18,0,0.0,18,0.0
2020-03-03,10,6,0,0.0,6,0.0
2020-03-03,20,12,1,0.0,13,0.07692307692307693
2020-03-03,30,16,1,0.0,17,0.058823529411764705
2020-03-03,40,17,2,0.0,19,0.10526315789473684
2020-03-03,50,8,2,0.0,10,0.2
2020-03-03,60,13,4,0.0,17,0.23529411764705882
2020-03-03,70,8,2,0.0,10,0.2
2020-03-03,80,6,1,0.0,7,0.14285714285714285
2020-03-03,90,1,2,3.0,3,0.6666666666666666
2020-03-04,0,10,0,0.0,10,0.0
2020-03-04,10,6,0,0.0,6,0.0
2020-03-04,20,14,2,0.0,16,0.125
2020-03-04,30,29,2,1.0,31,0.06451612903225806
2020-03-04,40,13,4,0.0,17,0.23529411764705882
2020-03-04,50,18,1,0.0,19,0.05263157894736842
2020-03-04,60,14,5,0.0,19,0.2631578947368421
2020-03-04,70,10,4,1.0,14,0.2857142857142857
2020-03-04,80,6,5,2.0,11,0.45454545454545453
2020-03-04,90,2,2,0.0,4,0.5
2020-03-05,0,16,0,0.0,16,0.0
2020-03-05,10,15,0,0.0,15,0.0
2020-03-05,20,13,1,0.0,14,0.07142857142857142
2020-03-05,30,29,2,0.0,31,0.06451612903225806
2020-03-05,40,23,2,0.0,25,0.08
2020-03-05,50,25,6,0.0,31,0.1935483870967742
2020-03-05,60,23,7,1.0,30,0.23333333333333334
2020-03-05,70,11,4,0.0,15,0.26666666666666666
2020-03-05,80,9,9,2.0,18,0.5
2020-03-05,90,3,7,2.0,10,0.7
2020-03-06,0,19,0,0.0,19,0.0
2020-03-06,10,10,0,0.0,10,0.0
2020-03-06,20,13,1,0.0,14,0.07142857142857142
2020-03-06,30,26,4,0.0,30,0.13333333333333333
2020-03-06,40,23,1,0.0,24,0.041666666666666664
2020-03-06,50,34,4,0.0,38,0.10526315789473684
2020-03-06,60,28,1,0.0,29,0.034482758620689655
2020-03-06,70,15,4,2.0,19,0.21052631578947367
2020-03-06,80,16,9,2.0,25,0.36
2020-03-06,90,3,1,3.0,4,0.25
2020-03-07,0,22,0,0.0,22,0.0
2020-03-07,10,8,0,0.0,8,0.0
2020-03-07,20,13,2,0.0,15,0.13333333333333333
2020-03-07,30,18,0,0.0,18,0.0
2020-03-07,40,13,0,0.0,13,0.0
2020-03-07,50,21,4,0.0,25,0.16
2020-03-07,60,22,1,0.0,23,0.043478260869565216
2020-03-07,70,12,6,0.0,18,0.3333333333333333
2020-03-07,80,14,2,0.0,16,0.125
2020-03-07,90,4,6,0.0,10,0.6
2020-03-08,0,19,0,0.0,19,0.0
2020-03-08,10,9,1,0.0,10,0.1
2020-03-08,20,17,3,0.0,20,0.15
2020-03-08,30,27,3,0.0,30,0.1
2020-03-08,40,23,4,0.0,27,0.14814814814814814
2020-03-08,50,20,2,1.0,22,0.09090909090909091
2020-03-08,60,25,3,0.0,28,0.10714285714285714
2020-03-08,70,16,8,1.0,24,0.3333333333333333
2020-03-08,80,9,12,2.0,21,0.5714285714285714
2020-03-08,90,4,7,1.0,11,0.6363636363636364
2020-03-09,0,25,0,0.0,25,0.0
2020-03-09,10,21,0,0.0,21,0.0
2020-03-09,20,40,0,0.0,40,0.0
2020-03-09,30,51,1,0.0,52,0.019230769230769232
2020-03-09,40,65,10,0.0,75,0.13333333333333333
2020-03-09,50,67,3,0.0,70,0.04285714285714286
2020-03-09,60,54,9,1.0,63,0.14285714285714285
2020-03-09,70,38,8,1.0,46,0.17391304347826086
2020-03-09,80,11,4,1.0,15,0.26666666666666666
2020-03-09,90,7,1,0.0,8,0.125
2020-03-10,0,38,1,0.0,39,0.02564102564102564
2020-03-10,10,45,1,0.0,46,0.021739130434782608
2020-03-10,20,47,5,0.0,52,0.09615384615384616
2020-03-10,30,147,10,0.0,157,0.06369426751592357
2020-03-10,40,105,6,0.0,111,0.05405405405405406
2020-03-10,50,83,6,0.0,89,0.06741573033707865
2020-03-10,60,75,7,0.0,82,0.08536585365853659
2020-03-10,70,51,20,0.0,71,0.28169014084507044
2020-03-10,80,46,7,1.0,53,0.1320754716981132
2020-03-10,90,27,8,1.0,35,0.22857142857142856
2020-03-11,0,57,0,0.0,57,0.0
2020-03-11,10,42,0,0.0,42,0.0
2020-03-11,20,93,6,0.0,99,0.06060606060606061
2020-03-11,30,131,8,0.0,139,0.05755395683453238
2020-03-11,40,139,8,0.0,147,0.05442176870748299
2020-03-11,50,112,12,0.0,124,0.0967741935483871
2020-03-11,60,76,5,0.0,81,0.06172839506172839
2020-03-11,70,47,11,0.0,58,0.1896551724137931
2020-03-11,80,31,10,2.0,41,0.24390243902439024
2020-03-11,90,11,2,0.0,13,0.15384615384615385
2020-03-12,0,75,0,0.0,75,0.0
2020-03-12,10,58,1,0.0,59,0.01694915254237288
2020-03-12,20,131,10,0.0,141,0.07092198581560284
2020-03-12,30,254,16,0.0,270,0.05925925925925926
2020-03-12,40,191,9,0.0,200,0.045
2020-03-12,50,158,16,0.0,174,0.09195402298850575
2020-03-12,60,128,20,0.0,148,0.13513513513513514
2020-03-12,70,68,15,2.0,83,0.18072289156626506
2020-03-12,80,32,8,1.0,40,0.2
2020-03-12,90,8,4,1.0,12,0.3333333333333333
2020-03-13,0,78,3,0.0,81,0.037037037037037035
2020-03-13,10,54,4,0.0,58,0.06896551724137931
2020-03-13,20,136,13,0.0,149,0.087248322147651
2020-03-13,30,260,17,0.0,277,0.061371841155234655
2020-03-13,40,224,16,0.0,240,0.06666666666666667
2020-03-13,50,198,18,0.0,216,0.08333333333333333
2020-03-13,60,164,15,0.0,179,0.08379888268156424
2020-03-13,70,81,22,1.0,103,0.21359223300970873
2020-03-13,80,42,5,1.0,47,0.10638297872340426
2020-03-13,90,12,9,1.0,21,0.42857142857142855
2020-03-14,0,62,0,0.0,62,0.0
2020-03-14,10,34,1,0.0,35,0.02857142857142857
2020-03-14,20,72,9,0.0,81,0.1111111111111111
2020-03-14,30,172,14,0.0,186,0.07526881720430108
2020-03-14,40,119,7,0.0,126,0.05555555555555555
2020-03-14,50,98,12,0.0,110,0.10909090909090909
2020-03-14,60,77,13,1.0,90,0.14444444444444443
2020-03-14,70,40,11,1.0,51,0.21568627450980393
2020-03-14,80,16,8,2.0,24,0.3333333333333333
2020-03-14,90,9,1,0.0,10,0.1
2020-03-15,0,49,0,0.0,49,0.0
2020-03-15,10,24,1,0.0,25,0.04
2020-03-15,20,44,6,0.0,50,0.12
2020-03-15,30,84,10,0.0,94,0.10638297872340426
2020-03-15,40,65,5,0.0,70,0.07142857142857142
2020-03-15,50,54,7,0.0,61,0.11475409836065574
2020-03-15,60,34,4,0.0,38,0.10526315789473684
2020-03-15,70,18,7,1.0,25,0.28
2020-03-15,80,16,4,1.0,20,0.2
2020-03-15,90,11,2,1.0,13,0.15384615384615385
2020-03-16,0,82,1,0.0,83,0.012048192771084338
2020-03-16,10,44,2,0.0,46,0.043478260869565216
2020-03-16,20,178,19,0.0,197,0.09644670050761421
2020-03-16,30,291,17,0.0,308,0.05519480519480519
2020-03-16,40,240,21,0.0,261,0.08045977011494253
2020-03-16,50,235,25,0.0,260,0.09615384615384616
2020-03-16,60,177,18,2.0,195,0.09230769230769231
2020-03-16,70,81,12,2.0,93,0.12903225806451613
2020-03-16,80,32,14,0.0,46,0.30434782608695654
2020-03-16,90,12,7,2.0,19,0.3684210526315789
2020-03-17,0,61,0,0.0,61,0.0
2020-03-17,10,35,0,0.0,35,0.0
2020-03-17,20,167,7,0.0,174,0.040229885057471264
2020-03-17,30,275,20,0.0,295,0.06779661016949153
2020-03-17,40,244,20,0.0,264,0.07575757575757576
2020-03-17,50,178,16,0.0,194,0.08247422680412371
2020-03-17,60,151,24,0.0,175,0.13714285714285715
2020-03-17,70,66,11,4.0,77,0.14285714285714285
2020-03-17,80,26,14,0.0,40,0.35
2020-03-17,90,13,7,3.0,20,0.35
2020-03-18,0,50,1,0.0,51,0.0196078431372549
2020-03-18,10,37,1,0.0,38,0.02631578947368421
2020-03-18,20,208,24,0.0,232,0.10344827586206896
2020-03-18,30,298,22,0.0,320,0.06875
2020-03-18,40,238,21,0.0,259,0.08108108108108109
2020-03-18,50,221,28,0.0,249,0.11244979919678715
2020-03-18,60,165,24,1.0,189,0.12698412698412698
2020-03-18,70,71,16,2.0,87,0.1839080459770115
2020-03-18,80,42,5,1.0,47,0.10638297872340426
2020-03-18,90,17,6,0.0,23,0.2608695652173913
2020-03-19,0,34,0,0.0,34,0.0
2020-03-19,10,41,1,0.0,42,0.023809523809523808
2020-03-19,20,188,18,0.0,206,0.08737864077669903
2020-03-19,30,295,32,0.0,327,0.09785932721712538
2020-03-19,40,258,19,0.0,277,0.06859205776173286
2020-03-19,50,193,26,0.0,219,0.1187214611872146
2020-03-19,60,149,29,1.0,178,0.16292134831460675
2020-03-19,70,57,21,2.0,78,0.2692307692307692
2020-03-19,80,32,9,2.0,41,0.21951219512195122
2020-03-19,90,2,4,0.0,6,0.6666666666666666
2020-03-20,0,34,0,0.0,34,0.0
2020-03-20,10,25,0,0.0,25,0.0
2020-03-20,20,167,12,0.0,179,0.0670391061452514
2020-03-20,30,250,20,0.0,270,0.07407407407407407
2020-03-20,40,217,26,0.0,243,0.10699588477366255
2020-03-20,50,213,17,0.0,230,0.07391304347826087
2020-03-20,60,140,19,1.0,159,0.11949685534591195
2020-03-20,70,59,13,3.0,72,0.18055555555555555
2020-03-20,80,24,10,2.0,34,0.29411764705882354
2020-03-20,90,9,3,1.0,12,0.25
2020-03-21,0,15,0,0.0,15,0.0
2020-03-21,10,17,1,0.0,18,0.05555555555555555
2020-03-21,20,77,11,0.0,88,0.125
2020-03-21,30,106,7,0.0,113,0.061946902654867256
2020-03-21,40,95,12,0.0,107,0.11214953271028037
2020-03-21,50,80,15,0.0,95,0.15789473684210525
2020-03-21,60,72,15,1.0,87,0.1724137931034483
2020-03-21,70,41,10,2.0,51,0.19607843137254902
2020-03-21,80,25,5,0.0,30,0.16666666666666666
2020-03-21,90,10,2,1.0,12,0.16666666666666666
2020-03-22,0,21,0,0.0,21,0.0
2020-03-22,10,10,0,0.0,10,0.0
2020-03-22,20,54,10,0.0,64,0.15625
2020-03-22,30,80,11,0.0,91,0.12087912087912088
2020-03-22,40,52,16,0.0,68,0.23529411764705882
2020-03-22,50,52,16,2.0,68,0.23529411764705882
2020-03-22,60,45,7,3.0,52,0.1346153846153846
2020-03-22,70,19,6,3.0,25,0.24
2020-03-22,80,15,6,4.0,21,0.2857142857142857
2020-03-22,90,7,2,3.0,9,0.2222222222222222
2020-03-23,0,44,1,0.0,45,0.022222222222222223
2020-03-23,10,30,3,0.0,33,0.09090909090909091
2020-03-23,20,182,25,0.0,207,0.12077294685990338
2020-03-23,30,297,34,0.0,331,0.1027190332326284
2020-03-23,40,253,25,0.0,278,0.08992805755395683
2020-03-23,50,218,39,1.0,257,0.1517509727626459
2020-03-23,60,179,37,1.0,216,0.1712962962962963
2020-03-23,70,74,19,2.0,93,0.20430107526881722
2020-03-23,80,28,17,3.0,45,0.37777777777777777
2020-03-23,90,9,3,2.0,12,0.25
2020-03-24,0,41,0,0.0,41,0.0
2020-03-24,10,34,0,0.0,34,0.0
2020-03-24,20,181,24,0.0,205,0.11707317073170732
2020-03-24,30,311,24,0.0,335,0.07164179104477612
2020-03-24,40,267,32,0.0,299,0.10702341137123746
2020-03-24,50,228,39,0.0,267,0.14606741573033707
2020-03-24,60,166,32,2.0,198,0.16161616161616163
2020-03-24,70,75,9,2.0,84,0.10714285714285714
2020-03-24,80,28,9,3.0,37,0.24324324324324326
2020-03-24,90,8,8,2.0,16,0.5
2020-03-25,0,22,0,0.0,22,0.0
2020-03-25,10,30,3,0.0,33,0.09090909090909091
2020-03-25,20,179,28,0.0,207,0.13526570048309178
2020-03-25,30,316,32,0.0,348,0.09195402298850575
2020-03-25,40,254,31,0.0,285,0.10877192982456141
2020-03-25,50,212,30,1.0,242,0.12396694214876033
2020-03-25,60,162,24,0.0,186,0.12903225806451613
2020-03-25,70,66,15,4.0,81,0.18518518518518517
2020-03-25,80,23,8,2.0,31,0.25806451612903225
2020-03-25,90,11,8,2.0,19,0.42105263157894735
2020-03-26,0,49,0,0.0,49,0.0
2020-03-26,10,47,3,0.0,50,0.06
2020-03-26,20,161,24,0.0,185,0.12972972972972974
2020-03-26,30,250,28,0.0,278,0.10071942446043165
2020-03-26,40,220,33,0.0,253,0.13043478260869565
2020-03-26,50,178,26,0.0,204,0.12745098039215685
2020-03-26,60,142,27,1.0,169,0.15976331360946747
2020-03-26,70,66,16,4.0,82,0.1951219512195122
2020-03-26,80,26,7,6.0,33,0.21212121212121213
2020-03-26,90,8,9,4.0,17,0.5294117647058824
2020-03-27,0,35,0,0.0,35,0.0
2020-03-27,10,31,2,0.0,33,0.06060606060606061
2020-03-27,20,172,19,0.0,191,0.09947643979057591
2020-03-27,30,262,36,0.0,298,0.12080536912751678
2020-03-27,40,231,33,0.0,264,0.125
2020-03-27,50,206,46,0.0,252,0.18253968253968253
2020-03-27,60,182,25,2.0,207,0.12077294685990338
2020-03-27,70,62,13,4.0,75,0.17333333333333334
2020-03-27,80,29,21,3.0,50,0.42
2020-03-27,90,9,14,0.0,23,0.6086956521739131
2020-03-28,0,25,0,0.0,25,0.0
2020-03-28,10,22,1,0.0,23,0.043478260869565216
2020-03-28,20,83,17,0.0,100,0.17
2020-03-28,30,159,15,0.0,174,0.08620689655172414
2020-03-28,40,121,13,0.0,134,0.09701492537313433
2020-03-28,50,127,21,1.0,148,0.14189189189189189
2020-03-28,60,88,15,3.0,103,0.14563106796116504
2020-03-28,70,32,8,4.0,40,0.2
2020-03-28,80,5,5,2.0,10,0.5
2020-03-28,90,9,1,4.0,10,0.1
2020-03-29,0,20,3,0.0,23,0.13043478260869565
2020-03-29,10,13,4,0.0,17,0.23529411764705882
2020-03-29,20,59,10,0.0,69,0.14492753623188406
2020-03-29,30,109,12,0.0,121,0.09917355371900827
2020-03-29,40,93,19,0.0,112,0.16964285714285715
2020-03-29,50,59,28,0.0,87,0.3218390804597701
2020-03-29,60,45,14,0.0,59,0.23728813559322035
2020-03-29,70,31,13,2.0,44,0.29545454545454547
2020-03-29,80,13,18,3.0,31,0.5806451612903226
2020-03-29,90,12,4,3.0,16,0.25
2020-03-30,0,32,3,0.0,35,0.08571428571428572
2020-03-30,10,46,3,0.0,49,0.061224489795918366
2020-03-30,20,195,38,0.0,233,0.1630901287553648
2020-03-30,30,317,33,0.0,350,0.09428571428571429
2020-03-30,40,263,37,0.0,300,0.12333333333333334
2020-03-30,50,241,44,0.0,285,0.1543859649122807
2020-03-30,60,175,39,1.0,214,0.1822429906542056
2020-03-30,70,92,17,0.0,109,0.1559633027522936
2020-03-30,80,29,8,3.0,37,0.21621621621621623
2020-03-30,90,17,8,1.0,25,0.32
2020-03-31,0,29,1,1.0,30,0.03333333333333333
2020-03-31,10,34,2,0.0,36,0.05555555555555555
2020-03-31,20,183,29,0.0,212,0.13679245283018868
2020-03-31,30,266,32,0.0,298,0.10738255033557047
2020-03-31,40,221,29,0.0,250,0.116
2020-03-31,50,223,45,2.0,268,0.16791044776119404
2020-03-31,60,180,32,1.0,212,0.1509433962264151
2020-03-31,70,90,19,1.0,109,0.1743119266055046
2020-03-31,80,35,9,1.0,44,0.20454545454545456
2020-03-31,90,18,3,0.0,21,0.14285714285714285
2020-04-01,0,34,0,0.0,34,0.0
2020-04-01,10,37,8,0.0,45,0.17777777777777778
2020-04-01,20,194,16,1.0,210,0.0761904761904762
2020-04-01,30,262,42,0.0,304,0.13815789473684212
2020-04-01,40,255,20,1.0,275,0.07272727272727272
2020-04-01,50,231,36,0.0,267,0.1348314606741573
2020-04-01,60,178,32,0.0,210,0.1523809523809524
2020-04-01,70,75,12,2.0,87,0.13793103448275862
2020-04-01,80,37,9,5.0,46,0.1956521739130435
2020-04-01,90,12,4,3.0,16,0.25
2020-04-02,0,31,0,0.0,31,0.0
2020-04-02,10,36,10,0.0,46,0.21739130434782608
2020-04-02,20,176,20,0.0,196,0.10204081632653061
2020-04-02,30,312,28,0.0,340,0.08235294117647059
2020-04-02,40,242,34,1.0,276,0.12318840579710146
2020-04-02,50,174,31,0.0,205,0.15121951219512195
2020-04-02,60,148,27,0.0,175,0.15428571428571428
2020-04-02,70,70,13,4.0,83,0.1566265060240964
2020-04-02,80,41,11,3.0,52,0.21153846153846154
2020-04-02,90,16,4,3.0,20,0.2
2020-04-03,0,31,2,0.0,33,0.06060606060606061
2020-04-03,10,37,6,0.0,43,0.13953488372093023
2020-04-03,20,161,29,0.0,190,0.15263157894736842
2020-04-03,30,322,29,0.0,351,0.08262108262108261
2020-04-03,40,227,34,2.0,261,0.13026819923371646
2020-04-03,50,220,24,0.0,244,0.09836065573770492
2020-04-03,60,153,32,0.0,185,0.17297297297297298
2020-04-03,70,70,18,3.0,88,0.20454545454545456
2020-04-03,80,38,16,5.0,54,0.2962962962962963
2020-04-03,90,4,10,3.0,14,0.7142857142857143
2020-04-04,0,18,1,0.0,19,0.05263157894736842
2020-04-04,10,18,3,0.0,21,0.14285714285714285
2020-04-04,20,140,8,0.0,148,0.05405405405405406
2020-04-04,30,190,13,0.0,203,0.06403940886699508
2020-04-04,40,113,17,0.0,130,0.13076923076923078
2020-04-04,50,112,18,0.0,130,0.13846153846153847
2020-04-04,60,89,16,4.0,105,0.1523809523809524
2020-04-04,70,34,9,5.0,43,0.20930232558139536
2020-04-04,80,12,9,2.0,21,0.42857142857142855
2020-04-04,90,10,1,1.0,11,0.09090909090909091
2020-04-05,0,15,0,0.0,15,0.0
2020-04-05,10,11,1,0.0,12,0.08333333333333333
2020-04-05,20,61,10,0.0,71,0.14084507042253522
2020-04-05,30,136,10,0.0,146,0.0684931506849315
2020-04-05,40,75,11,1.0,86,0.12790697674418605
2020-04-05,50,88,12,1.0,100,0.12
2020-04-05,60,57,11,1.0,68,0.16176470588235295
2020-04-05,70,31,8,3.0,39,0.20512820512820512
2020-04-05,80,16,3,5.0,19,0.15789473684210525
2020-04-05,90,9,8,4.0,17,0.47058823529411764
2020-04-06,0,27,2,0.0,29,0.06896551724137931
2020-04-06,10,30,2,0.0,32,0.0625
2020-04-06,20,172,23,0.0,195,0.11794871794871795
2020-04-06,30,290,34,0.0,324,0.10493827160493827
2020-04-06,40,238,31,0.0,269,0.11524163568773234
2020-04-06,50,201,30,1.0,231,0.12987012987012986
2020-04-06,60,134,22,1.0,156,0.14102564102564102
2020-04-06,70,70,8,1.0,78,0.10256410256410256
2020-04-06,80,26,8,7.0,34,0.23529411764705882
2020-04-06,90,8,3,4.0,11,0.2727272727272727
2020-04-07,0,30,0,0.0,30,0.0
2020-04-07,10,36,3,0.0,39,0.07692307692307693
2020-04-07,20,207,24,0.0,231,0.1038961038961039
2020-04-07,30,281,30,0.0,311,0.09646302250803858
2020-04-07,40,243,30,0.0,273,0.10989010989010989
2020-04-07,50,271,35,1.0,306,0.11437908496732026
2020-04-07,60,171,26,0.0,197,0.1319796954314721
2020-04-07,70,94,17,5.0,111,0.15315315315315314
2020-04-07,80,36,17,5.0,53,0.32075471698113206
2020-04-07,90,18,9,4.0,27,0.3333333333333333
2020-04-08,0,32,1,0.0,33,0.030303030303030304
2020-04-08,10,40,5,0.0,45,0.1111111111111111
2020-04-08,20,169,20,0.0,189,0.10582010582010581
2020-04-08,30,283,12,0.0,295,0.04067796610169491
2020-04-08,40,246,25,1.0,271,0.09225092250922509
2020-04-08,50,204,41,0.0,245,0.1673469387755102
2020-04-08,60,152,18,0.0,170,0.10588235294117647
2020-04-08,70,91,4,2.0,95,0.042105263157894736
2020-04-08,80,29,9,4.0,38,0.23684210526315788
2020-04-08,90,15,8,3.0,23,0.34782608695652173
2020-04-09,0,21,0,0.0,21,0.0
2020-04-09,10,37,4,0.0,41,0.0975609756097561
2020-04-09,20,175,22,0.0,197,0.1116751269035533
2020-04-09,30,242,22,0.0,264,0.08333333333333333
2020-04-09,40,202,25,0.0,227,0.11013215859030837
2020-04-09,50,203,29,0.0,232,0.125
2020-04-09,60,143,20,1.0,163,0.12269938650306748
2020-04-09,70,78,17,1.0,95,0.17894736842105263
2020-04-09,80,32,12,2.0,44,0.2727272727272727
2020-04-09,90,8,9,3.0,17,0.5294117647058824
2020-04-10,0,34,3,0.0,37,0.08108108108108109
2020-04-10,10,37,4,0.0,41,0.0975609756097561
2020-04-10,20,164,21,1.0,185,0.11351351351351352
2020-04-10,30,238,17,0.0,255,0.06666666666666667
2020-04-10,40,218,22,0.0,240,0.09166666666666666
2020-04-10,50,166,27,0.0,193,0.13989637305699482
2020-04-10,60,149,19,2.0,168,0.1130952380952381
2020-04-10,70,67,15,2.0,82,0.18292682926829268
2020-04-10,80,24,4,6.0,28,0.14285714285714285
2020-04-10,90,15,0,2.0,15,0.0
2020-04-11,0,19,0,0.0,19,0.0
2020-04-11,10,22,2,0.0,24,0.08333333333333333
2020-04-11,20,94,9,0.0,103,0.08737864077669903
2020-04-11,30,144,8,0.0,152,0.05263157894736842
2020-04-11,40,116,8,0.0,124,0.06451612903225806
2020-04-11,50,90,18,2.0,108,0.16666666666666666
2020-04-11,60,97,11,1.0,108,0.10185185185185185
2020-04-11,70,38,7,2.0,45,0.15555555555555556
2020-04-11,80,11,5,2.0,16,0.3125
2020-04-11,90,6,5,4.0,11,0.45454545454545453
2020-04-12,0,15,0,0.0,15,0.0
2020-04-12,10,8,2,0.0,10,0.2
2020-04-12,20,66,6,0.0,72,0.08333333333333333
2020-04-12,30,127,3,0.0,130,0.023076923076923078
2020-04-12,40,78,5,0.0,83,0.060240963855421686
2020-04-12,50,70,8,0.0,78,0.10256410256410256
2020-04-12,60,55,4,1.0,59,0.06779661016949153
2020-04-12,70,23,3,1.0,26,0.11538461538461539
2020-04-12,80,9,4,3.0,13,0.3076923076923077
2020-04-12,90,4,1,0.0,5,0.2
2020-04-13,0,30,4,0.0,34,0.11764705882352941
2020-04-13,10,50,4,0.0,54,0.07407407407407407
2020-04-13,20,169,22,0.0,191,0.11518324607329843
2020-04-13,30,243,28,0.0,271,0.1033210332103321
2020-04-13,40,218,26,0.0,244,0.10655737704918032
2020-04-13,50,169,30,0.0,199,0.1507537688442211
2020-04-13,60,168,17,0.0,185,0.0918918918918919
2020-04-13,70,83,8,2.0,91,0.08791208791208792
2020-04-13,80,43,4,4.0,47,0.0851063829787234
2020-04-13,90,23,1,2.0,24,0.041666666666666664
2020-04-14,0,30,0,0.0,30,0.0
2020-04-14,10,33,5,0.0,38,0.13157894736842105
2020-04-14,20,152,25,0.0,177,0.14124293785310735
2020-04-14,30,226,14,0.0,240,0.058333333333333334
2020-04-14,40,199,19,0.0,218,0.0871559633027523
2020-04-14,50,187,20,1.0,207,0.0966183574879227
2020-04-14,60,152,23,1.0,175,0.13142857142857142
2020-04-14,70,79,10,1.0,89,0.11235955056179775
2020-04-14,80,44,5,0.0,49,0.10204081632653061
2020-04-14,90,26,6,2.0,32,0.1875
2020-04-15,0,23,4,0.0,27,0.14814814814814814
2020-04-15,10,43,3,0.0,46,0.06521739130434782
2020-04-15,20,166,13,0.0,179,0.07262569832402235
2020-04-15,30,269,24,0.0,293,0.08191126279863481
2020-04-15,40,199,21,2.0,220,0.09545454545454546
2020-04-15,50,188,23,0.0,211,0.10900473933649289
2020-04-15,60,159,28,0.0,187,0.1497326203208556
2020-04-15,70,70,11,1.0,81,0.13580246913580246
2020-04-15,80,25,7,0.0,32,0.21875
2020-04-15,90,11,3,2.0,14,0.21428571428571427
2020-04-16,0,24,3,0.0,27,0.1111111111111111
2020-04-16,10,38,6,0.0,44,0.13636363636363635
2020-04-16,20,196,19,0.0,215,0.08837209302325581
2020-04-16,30,270,22,0.0,292,0.07534246575342465
2020-04-16,40,191,21,0.0,212,0.09905660377358491
2020-04-16,50,203,17,1.0,220,0.07727272727272727
2020-04-16,60,137,14,0.0,151,0.09271523178807947
2020-04-16,70,100,11,3.0,111,0.0990990990990991
2020-04-16,80,50,9,5.0,59,0.15254237288135594
2020-04-16,90,19,7,4.0,26,0.2692307692307692
2020-04-17,0,38,2,0.0,40,0.05
2020-04-17,10,32,8,0.0,40,0.2
2020-04-17,20,156,23,0.0,179,0.12849162011173185
2020-04-17,30,261,29,1.0,290,0.1
2020-04-17,40,216,20,0.0,236,0.0847457627118644
2020-04-17,50,227,29,2.0,256,0.11328125
2020-04-17,60,189,18,1.0,207,0.08695652173913043
2020-04-17,70,108,7,0.0,115,0.06086956521739131
2020-04-17,80,32,4,2.0,36,0.1111111111111111
2020-04-17,90,15,6,1.0,21,0.2857142857142857
2020-04-18,0,23,1,0.0,24,0.041666666666666664
2020-04-18,10,27,0,0.0,27,0.0
2020-04-18,20,122,4,0.0,126,0.031746031746031744
2020-04-18,30,162,6,0.0,168,0.03571428571428571
2020-04-18,40,104,14,0.0,118,0.11864406779661017
2020-04-18,50,116,14,0.0,130,0.1076923076923077
2020-04-18,60,92,2,1.0,94,0.02127659574468085
2020-04-18,70,65,3,3.0,68,0.04411764705882353
2020-04-18,80,25,8,6.0,33,0.24242424242424243
2020-04-18,90,11,3,1.0,14,0.21428571428571427
2020-04-19,0,19,0,0.0,19,0.0
2020-04-19,10,31,0,0.0,31,0.0
2020-04-19,20,77,5,0.0,82,0.06097560975609756
2020-04-19,30,154,6,0.0,160,0.0375
2020-04-19,40,83,6,0.0,89,0.06741573033707865
2020-04-19,50,87,8,1.0,95,0.08421052631578947
2020-04-19,60,91,10,3.0,101,0.09900990099009901
2020-04-19,70,63,4,3.0,67,0.05970149253731343
2020-04-19,80,49,1,2.0,50,0.02
2020-04-19,90,15,1,4.0,16,0.0625
2020-04-20,0,39,2,0.0,41,0.04878048780487805
2020-04-20,10,37,3,0.0,40,0.075
2020-04-20,20,185,21,0.0,206,0.10194174757281553
2020-04-20,30,266,24,0.0,290,0.08275862068965517
2020-04-20,40,200,21,0.0,221,0.09502262443438914
2020-04-20,50,207,26,0.0,233,0.11158798283261803
2020-04-20,60,193,12,0.0,205,0.05853658536585366
2020-04-20,70,117,8,1.0,125,0.064
2020-04-20,80,53,2,3.0,55,0.03636363636363636
2020-04-20,90,10,3,2.0,13,0.23076923076923078
2020-04-21,0,54,1,0.0,55,0.01818181818181818
2020-04-21,10,52,6,0.0,58,0.10344827586206896
2020-04-21,20,180,21,0.0,201,0.1044776119402985
2020-04-21,30,225,18,0.0,243,0.07407407407407407
2020-04-21,40,192,11,0.0,203,0.054187192118226604
2020-04-21,50,166,15,1.0,181,0.08287292817679558
2020-04-21,60,182,23,3.0,205,0.11219512195121951
2020-04-21,70,91,4,3.0,95,0.042105263157894736
2020-04-21,80,37,4,3.0,41,0.0975609756097561
2020-04-21,90,16,4,3.0,20,0.2
2020-04-22,0,41,3,0.0,44,0.06818181818181818
2020-04-22,10,48,5,0.0,53,0.09433962264150944
2020-04-22,20,177,20,0.0,197,0.10152284263959391
2020-04-22,30,227,22,1.0,249,0.08835341365461848
2020-04-22,40,238,10,0.0,248,0.04032258064516129
2020-04-22,50,189,16,1.0,205,0.07804878048780488
2020-04-22,60,192,12,1.0,204,0.058823529411764705
2020-04-22,70,90,11,0.0,101,0.10891089108910891
2020-04-22,80,54,9,1.0,63,0.14285714285714285
2020-04-22,90,41,3,1.0,44,0.06818181818181818
2020-04-23,0,35,1,0.0,36,0.027777777777777776
2020-04-23,10,50,3,0.0,53,0.05660377358490566
2020-04-23,20,180,15,0.0,195,0.07692307692307693
2020-04-23,30,257,24,0.0,281,0.08540925266903915
2020-04-23,40,192,17,0.0,209,0.08133971291866028
2020-04-23,50,186,20,0.0,206,0.0970873786407767
2020-04-23,60,182,14,1.0,196,0.07142857142857142
2020-04-23,70,87,5,1.0,92,0.05434782608695652
2020-04-23,80,33,1,1.0,34,0.029411764705882353
2020-04-23,90,12,2,2.0,14,0.14285714285714285
2020-04-24,0,29,3,0.0,32,0.09375
2020-04-24,10,34,1,0.0,35,0.02857142857142857
2020-04-24,20,168,11,0.0,179,0.061452513966480445
2020-04-24,30,266,15,0.0,281,0.05338078291814947
2020-04-24,40,206,16,0.0,222,0.07207207207207207
2020-04-24,50,188,11,0.0,199,0.05527638190954774
2020-04-24,60,200,20,3.0,220,0.09090909090909091
2020-04-24,70,119,10,3.0,129,0.07751937984496124
2020-04-24,80,44,3,1.0,47,0.06382978723404255
2020-04-24,90,26,4,1.0,30,0.13333333333333333
2020-04-25,0,38,0,0.0,38,0.0
2020-04-25,10,44,1,0.0,45,0.022222222222222223
2020-04-25,20,186,15,0.0,201,0.07462686567164178
2020-04-25,30,219,11,0.0,230,0.04782608695652174
2020-04-25,40,156,7,0.0,163,0.04294478527607362
2020-04-25,50,185,11,1.0,196,0.05612244897959184
2020-04-25,60,140,6,2.0,146,0.0410958904109589
2020-04-25,70,100,2,3.0,102,0.0196078431372549
2020-04-25,80,62,7,2.0,69,0.10144927536231885
2020-04-25,90,27,8,2.0,35,0.22857142857142856
2020-04-26,0,21,0,0.0,21,0.0
2020-04-26,10,25,1,0.0,26,0.038461538461538464
2020-04-26,20,88,10,0.0,98,0.10204081632653061
2020-04-26,30,118,7,0.0,125,0.056
2020-04-26,40,91,4,0.0,95,0.042105263157894736
2020-04-26,50,97,9,0.0,106,0.08490566037735849
2020-04-26,60,66,8,1.0,74,0.10810810810810811
2020-04-26,70,39,3,1.0,42,0.07142857142857142
2020-04-26,80,20,1,1.0,21,0.047619047619047616
2020-04-26,90,12,1,6.0,13,0.07692307692307693
2020-04-27,0,38,4,0.0,42,0.09523809523809523
2020-04-27,10,54,3,0.0,57,0.05263157894736842
2020-04-27,20,173,16,0.0,189,0.08465608465608465
2020-04-27,30,234,24,0.0,258,0.09302325581395349
2020-04-27,40,200,20,1.0,220,0.09090909090909091
2020-04-27,50,199,27,0.0,226,0.11946902654867257
2020-04-27,60,168,19,0.0,187,0.10160427807486631
2020-04-27,70,112,6,2.0,118,0.05084745762711865
2020-04-27,80,62,0,2.0,62,0.0
2020-04-27,90,19,2,1.0,21,0.09523809523809523
2020-04-28,0,29,2,0.0,31,0.06451612903225806
2020-04-28,10,64,2,0.0,66,0.030303030303030304
2020-04-28,20,208,24,0.0,232,0.10344827586206896
2020-04-28,30,292,15,0.0,307,0.048859934853420196
2020-04-28,40,267,17,0.0,284,0.05985915492957746
2020-04-28,50,236,14,0.0,250,0.056
2020-04-28,60,199,13,3.0,212,0.06132075471698113
2020-04-28,70,114,6,0.0,120,0.05
2020-04-28,80,111,1,2.0,112,0.008928571428571428
2020-04-28,90,57,2,0.0,59,0.03389830508474576
2020-04-29,0,26,5,0.0,31,0.16129032258064516
2020-04-29,10,37,3,0.0,40,0.075
2020-04-29,20,215,18,0.0,233,0.07725321888412018
2020-04-29,30,305,11,0.0,316,0.03481012658227848
2020-04-29,40,240,27,0.0,267,0.10112359550561797
2020-04-29,50,257,19,3.0,276,0.06884057971014493
2020-04-29,60,211,17,0.0,228,0.07456140350877193
2020-04-29,70,129,1,0.0,130,0.007692307692307693
2020-04-29,80,64,8,1.0,72,0.1111111111111111
2020-04-29,90,22,9,1.0,31,0.2903225806451613
2020-04-30,0,23,3,0.0,26,0.11538461538461539
2020-04-30,10,40,6,0.0,46,0.13043478260869565
2020-04-30,20,186,23,0.0,209,0.11004784688995216
2020-04-30,30,288,10,0.0,298,0.03355704697986577
2020-04-30,40,226,13,0.0,239,0.05439330543933055
2020-04-30,50,192,10,0.0,202,0.04950495049504951
2020-04-30,60,170,7,0.0,177,0.03954802259887006
2020-04-30,70,95,4,0.0,99,0.04040404040404041
2020-04-30,80,42,4,3.0,46,0.08695652173913043
2020-04-30,90,16,2,1.0,18,0.1111111111111111
2020-05-01,0,45,1,0.0,46,0.021739130434782608
2020-05-01,10,49,8,0.0,57,0.14035087719298245
2020-05-01,20,198,20,0.0,218,0.09174311926605505
2020-05-01,30,271,20,0.0,291,0.06872852233676977
2020-05-01,40,200,24,0.0,224,0.10714285714285714
2020-05-01,50,199,23,0.0,222,0.1036036036036036
2020-05-01,60,181,13,1.0,194,0.06701030927835051
2020-05-01,70,91,10,4.0,101,0.09900990099009901
2020-05-01,80,68,7,0.0,75,0.09333333333333334
2020-05-01,90,22,8,2.0,30,0.26666666666666666
2020-05-02,0,39,1,0.0,40,0.025
2020-05-02,10,42,1,0.0,43,0.023255813953488372
2020-05-02,20,135,9,0.0,144,0.0625
2020-05-02,30,179,7,0.0,186,0.03763440860215054
2020-05-02,40,117,9,1.0,126,0.07142857142857142
2020-05-02,50,131,6,0.0,137,0.043795620437956206
2020-05-02,60,111,4,0.0,115,0.034782608695652174
2020-05-02,70,60,2,0.0,62,0.03225806451612903
2020-05-02,80,33,3,0.0,36,0.08333333333333333
2020-05-02,90,30,3,3.0,33,0.09090909090909091
2020-05-03,0,19,1,0.0,20,0.05
2020-05-03,10,26,0,0.0,26,0.0
2020-05-03,20,72,6,0.0,78,0.07692307692307693
2020-05-03,30,126,7,0.0,133,0.05263157894736842
2020-05-03,40,83,4,0.0,87,0.04597701149425287
2020-05-03,50,74,2,0.0,76,0.02631578947368421
2020-05-03,60,57,3,1.0,60,0.05
2020-05-03,70,37,0,2.0,37,0.0
2020-05-03,80,22,0,0.0,22,0.0
2020-05-03,90,13,2,1.0,15,0.13333333333333333
2020-05-04,0,42,2,0.0,44,0.045454545454545456
2020-05-04,10,51,8,0.0,59,0.13559322033898305
2020-05-04,20,276,18,1.0,294,0.061224489795918366
2020-05-04,30,305,22,0.0,327,0.0672782874617737
2020-05-04,40,273,28,0.0,301,0.09302325581395349
2020-05-04,50,274,14,3.0,288,0.04861111111111111
2020-05-04,60,232,10,2.0,242,0.04132231404958678
2020-05-04,70,140,2,0.0,142,0.014084507042253521
2020-05-04,80,74,2,1.0,76,0.02631578947368421
2020-05-04,90,51,4,0.0,55,0.07272727272727272
2020-05-05,0,38,1,0.0,39,0.02564102564102564
2020-05-05,10,49,2,0.0,51,0.0392156862745098
2020-05-05,20,223,15,0.0,238,0.06302521008403361
2020-05-05,30,318,14,0.0,332,0.04216867469879518
2020-05-05,40,227,15,0.0,242,0.06198347107438017
2020-05-05,50,239,9,2.0,248,0.036290322580645164
2020-05-05,60,225,10,2.0,235,0.0425531914893617
2020-05-05,70,162,3,0.0,165,0.01818181818181818
2020-05-05,80,70,3,0.0,73,0.0410958904109589
2020-05-05,90,28,5,1.0,33,0.15151515151515152
2020-05-06,0,42,4,0.0,46,0.08695652173913043
2020-05-06,10,49,8,0.0,57,0.14035087719298245
2020-05-06,20,229,18,0.0,247,0.0728744939271255
2020-05-06,30,283,14,0.0,297,0.04713804713804714
2020-05-06,40,226,20,0.0,246,0.08130081300813008
2020-05-06,50,186,9,1.0,195,0.046153846153846156
2020-05-06,60,200,5,0.0,205,0.024390243902439025
2020-05-06,70,98,6,0.0,104,0.057692307692307696
2020-05-06,80,52,6,2.0,58,0.10344827586206896
2020-05-06,90,24,1,2.0,25,0.04
2020-05-07,0,27,2,0.0,29,0.06896551724137931
2020-05-07,10,47,2,0.0,49,0.04081632653061224
2020-05-07,20,187,14,0.0,201,0.06965174129353234
2020-05-07,30,231,12,0.0,243,0.04938271604938271
2020-05-07,40,163,17,0.0,180,0.09444444444444444
2020-05-07,50,181,16,0.0,197,0.08121827411167512
2020-05-07,60,153,6,2.0,159,0.03773584905660377
2020-05-07,70,113,1,2.0,114,0.008771929824561403
2020-05-07,80,51,5,0.0,56,0.08928571428571429
2020-05-07,90,12,1,1.0,13,0.07692307692307693
2020-05-08,0,28,3,0.0,31,0.0967741935483871
2020-05-08,10,52,9,0.0,61,0.14754098360655737
2020-05-08,20,206,14,0.0,220,0.06363636363636363
2020-05-08,30,278,10,0.0,288,0.034722222222222224
2020-05-08,40,223,12,0.0,235,0.05106382978723404
2020-05-08,50,206,8,0.0,214,0.037383177570093455
2020-05-08,60,159,6,0.0,165,0.03636363636363636
2020-05-08,70,113,4,1.0,117,0.03418803418803419
2020-05-08,80,98,1,2.0,99,0.010101010101010102
2020-05-08,90,60,4,3.0,64,0.0625
2020-05-09,0,19,3,0.0,22,0.13636363636363635
2020-05-09,10,16,2,0.0,18,0.1111111111111111
2020-05-09,20,92,4,0.0,96,0.041666666666666664
2020-05-09,30,135,15,0.0,150,0.1
2020-05-09,40,79,7,0.0,86,0.08139534883720931
2020-05-09,50,106,5,0.0,111,0.04504504504504504
2020-05-09,60,109,8,0.0,117,0.06837606837606838
2020-05-09,70,67,3,2.0,70,0.04285714285714286
2020-05-09,80,40,2,0.0,42,0.047619047619047616
2020-05-09,90,20,0,1.0,20,0.0
2020-05-10,0,9,0,0.0,9,0.0
2020-05-10,10,12,0,0.0,12,0.0
2020-05-10,20,35,3,0.0,38,0.07894736842105263
2020-05-10,30,60,2,0.0,62,0.03225806451612903
2020-05-10,40,30,3,0.0,33,0.09090909090909091
2020-05-10,50,33,2,1.0,35,0.05714285714285714
2020-05-10,60,38,3,2.0,41,0.07317073170731707
2020-05-10,70,44,4,2.0,48,0.08333333333333333
2020-05-10,80,21,1,3.0,22,0.045454545454545456
2020-05-10,90,14,0,2.0,14,0.0
2020-05-11,0,20,4,0.0,24,0.16666666666666666
2020-05-11,10,45,4,0.0,49,0.08163265306122448
2020-05-11,20,200,17,0.0,217,0.07834101382488479
2020-05-11,30,262,21,0.0,283,0.07420494699646643
2020-05-11,40,208,13,0.0,221,0.058823529411764705
2020-05-11,50,209,11,0.0,220,0.05
2020-05-11,60,175,7,0.0,182,0.038461538461538464
2020-05-11,70,120,4,2.0,124,0.03225806451612903
2020-05-11,80,59,0,0.0,59,0.0
2020-05-11,90,28,2,0.0,30,0.06666666666666667
2020-05-12,0,26,2,0.0,28,0.07142857142857142
2020-05-12,10,42,4,0.0,46,0.08695652173913043
2020-05-12,20,216,13,0.0,229,0.056768558951965066
2020-05-12,30,276,16,0.0,292,0.0547945205479452
2020-05-12,40,202,9,0.0,211,0.04265402843601896
2020-05-12,50,203,13,0.0,216,0.06018518518518518
2020-05-12,60,198,4,1.0,202,0.019801980198019802
2020-05-12,70,149,8,2.0,157,0.050955414012738856
2020-05-12,80,69,2,0.0,71,0.028169014084507043
2020-05-12,90,21,1,0.0,22,0.045454545454545456
2020-05-13,0,51,4,0.0,55,0.07272727272727272
2020-05-13,10,43,5,0.0,48,0.10416666666666667
2020-05-13,20,195,14,0.0,209,0.06698564593301436
2020-05-13,30,242,21,0.0,263,0.07984790874524715
2020-05-13,40,188,9,0.0,197,0.04568527918781726
2020-05-13,50,212,9,0.0,221,0.04072398190045249
2020-05-13,60,162,6,0.0,168,0.03571428571428571
2020-05-13,70,119,6,0.0,125,0.048
2020-05-13,80,71,3,1.0,74,0.04054054054054054
2020-05-13,90,27,6,0.0,33,0.18181818181818182
2020-05-14,0,31,6,0.0,37,0.16216216216216217
2020-05-14,10,31,4,0.0,35,0.11428571428571428
2020-05-14,20,188,16,0.0,204,0.0784313725490196
2020-05-14,30,245,7,0.0,252,0.027777777777777776
2020-05-14,40,172,9,0.0,181,0.049723756906077346
2020-05-14,50,196,11,0.0,207,0.05314009661835749
2020-05-14,60,155,8,0.0,163,0.049079754601226995
2020-05-14,70,109,3,1.0,112,0.026785714285714284
2020-05-14,80,65,3,1.0,68,0.04411764705882353
2020-05-14,90,29,1,1.0,30,0.03333333333333333
2020-05-15,0,41,6,0.0,47,0.1276595744680851
2020-05-15,10,65,11,0.0,76,0.14473684210526316
2020-05-15,20,205,10,0.0,215,0.046511627906976744
2020-05-15,30,256,10,0.0,266,0.03759398496240601
2020-05-15,40,224,16,0.0,240,0.06666666666666667
2020-05-15,50,250,9,0.0,259,0.03474903474903475
2020-05-15,60,218,10,1.0,228,0.043859649122807015
2020-05-15,70,151,2,0.0,153,0.013071895424836602
2020-05-15,80,64,2,0.0,66,0.030303030303030304
2020-05-15,90,16,1,0.0,17,0.058823529411764705
2020-05-16,0,31,1,0.0,32,0.03125
2020-05-16,10,23,4,0.0,27,0.14814814814814814
2020-05-16,20,101,2,0.0,103,0.019417475728155338
2020-05-16,30,166,4,0.0,170,0.023529411764705882
2020-05-16,40,127,7,0.0,134,0.05223880597014925
2020-05-16,50,153,4,0.0,157,0.025477707006369428
2020-05-16,60,152,0,0.0,152,0.0
2020-05-16,70,133,3,2.0,136,0.022058823529411766
2020-05-16,80,43,2,1.0,45,0.044444444444444446
2020-05-16,90,14,1,1.0,15,0.06666666666666667
2020-05-17,0,10,0,0.0,10,0.0
2020-05-17,10,20,0,0.0,20,0.0
2020-05-17,20,68,3,0.0,71,0.04225352112676056
2020-05-17,30,79,5,0.0,84,0.05952380952380952
2020-05-17,40,51,4,0.0,55,0.07272727272727272
2020-05-17,50,81,1,0.0,82,0.012195121951219513
2020-05-17,60,96,3,2.0,99,0.030303030303030304
2020-05-17,70,52,0,0.0,52,0.0
2020-05-17,80,32,2,0.0,34,0.058823529411764705
2020-05-17,90,7,0,2.0,7,0.0
2020-05-18,0,46,1,0.0,47,0.02127659574468085
2020-05-18,10,46,6,0.0,52,0.11538461538461539
2020-05-18,20,245,13,0.0,258,0.050387596899224806
2020-05-18,30,358,15,0.0,373,0.040214477211796246
2020-05-18,40,266,14,0.0,280,0.05
2020-05-18,50,289,10,0.0,299,0.033444816053511704
2020-05-18,60,299,8,0.0,307,0.026058631921824105
2020-05-18,70,206,6,0.0,212,0.02830188679245283
2020-05-18,80,95,2,1.0,97,0.020618556701030927
2020-05-18,90,43,2,0.0,45,0.044444444444444446
2020-05-19,0,43,1,0.0,44,0.022727272727272728
2020-05-19,10,46,2,0.0,48,0.041666666666666664
2020-05-19,20,193,8,0.0,201,0.03980099502487562
2020-05-19,30,259,7,0.0,266,0.02631578947368421
2020-05-19,40,218,8,0.0,226,0.035398230088495575
2020-05-19,50,241,9,1.0,250,0.036
2020-05-19,60,275,6,2.0,281,0.021352313167259787
2020-05-19,70,170,1,0.0,171,0.005847953216374269
2020-05-19,80,92,2,0.0,94,0.02127659574468085
2020-05-19,90,36,1,1.0,37,0.02702702702702703
2020-05-20,0,39,8,0.0,47,0.1702127659574468
2020-05-20,10,57,6,0.0,63,0.09523809523809523
2020-05-20,20,234,13,0.0,247,0.05263157894736842
2020-05-20,30,277,12,0.0,289,0.04152249134948097
2020-05-20,40,210,12,0.0,222,0.05405405405405406
2020-05-20,50,216,9,0.0,225,0.04
2020-05-20,60,197,8,0.0,205,0.03902439024390244
2020-05-20,70,136,5,0.0,141,0.03546099290780142
2020-05-20,80,55,3,1.0,58,0.05172413793103448
2020-05-20,90,17,2,3.0,19,0.10526315789473684
2020-05-21,0,39,3,0.0,42,0.07142857142857142
2020-05-21,10,44,3,0.0,47,0.06382978723404255
2020-05-21,20,160,8,0.0,168,0.047619047619047616
2020-05-21,30,199,8,0.0,207,0.03864734299516908
2020-05-21,40,156,5,0.0,161,0.031055900621118012
2020-05-21,50,160,7,0.0,167,0.041916167664670656
2020-05-21,60,118,1,2.0,119,0.008403361344537815
2020-05-21,70,105,2,1.0,107,0.018691588785046728
2020-05-21,80,50,4,0.0,54,0.07407407407407407
2020-05-21,90,17,0,1.0,17,0.0
2020-05-22,0,44,5,0.0,49,0.10204081632653061
2020-05-22,10,49,9,0.0,58,0.15517241379310345
2020-05-22,20,156,2,0.0,158,0.012658227848101266
2020-05-22,30,186,17,0.0,203,0.08374384236453201
2020-05-22,40,130,8,1.0,138,0.057971014492753624
2020-05-22,50,142,2,0.0,144,0.013888888888888888
2020-05-22,60,154,5,1.0,159,0.031446540880503145
2020-05-22,70,97,1,0.0,98,0.01020408163265306
2020-05-22,80,35,1,0.0,36,0.027777777777777776
2020-05-22,90,21,1,0.0,22,0.045454545454545456
2020-05-23,0,28,0,0.0,28,0.0
2020-05-23,10,36,2,0.0,38,0.05263157894736842
2020-05-23,20,96,5,0.0,101,0.04950495049504951
2020-05-23,30,136,4,0.0,140,0.02857142857142857
2020-05-23,40,97,2,0.0,99,0.020202020202020204
2020-05-23,50,137,1,0.0,138,0.007246376811594203
2020-05-23,60,139,6,1.0,145,0.041379310344827586
2020-05-23,70,113,0,1.0,113,0.0
2020-05-23,80,47,0,1.0,47,0.0
2020-05-23,90,12,1,1.0,13,0.07692307692307693
2020-05-24,0,15,1,0.0,16,0.0625
2020-05-24,10,23,0,0.0,23,0.0
2020-05-24,20,79,2,0.0,81,0.024691358024691357
2020-05-24,30,75,3,0.0,78,0.038461538461538464
2020-05-24,40,71,1,0.0,72,0.013888888888888888
2020-05-24,50,77,2,0.0,79,0.02531645569620253
2020-05-24,60,89,2,1.0,91,0.02197802197802198
2020-05-24,70,78,0,1.0,78,0.0
2020-05-24,80,36,1,1.0,37,0.02702702702702703
2020-05-24,90,19,2,0.0,21,0.09523809523809523
2020-05-25,0,14,1,0.0,15,0.06666666666666667
2020-05-25,10,14,0,0.0,14,0.0
2020-05-25,20,58,2,0.0,60,0.03333333333333333
2020-05-25,30,82,1,0.0,83,0.012048192771084338
2020-05-25,40,68,4,0.0,72,0.05555555555555555
2020-05-25,50,99,2,0.0,101,0.019801980198019802
2020-05-25,60,101,2,0.0,103,0.019417475728155338
2020-05-25,70,87,1,0.0,88,0.011363636363636364
2020-05-25,80,37,0,3.0,37,0.0
2020-05-25,90,17,1,0.0,18,0.05555555555555555
2020-05-26,0,52,6,0.0,58,0.10344827586206896
2020-05-26,10,60,5,0.0,65,0.07692307692307693
2020-05-26,20,207,10,0.0,217,0.04608294930875576
2020-05-26,30,264,12,0.0,276,0.043478260869565216
2020-05-26,40,252,14,0.0,266,0.05263157894736842
2020-05-26,50,287,10,0.0,297,0.03367003367003367
2020-05-26,60,300,4,0.0,304,0.013157894736842105
2020-05-26,70,205,5,0.0,210,0.023809523809523808
2020-05-26,80,69,4,1.0,73,0.0547945205479452
2020-05-26,90,21,0,0.0,21,0.0
2020-05-27,0,35,3,0.0,38,0.07894736842105263
2020-05-27,10,69,3,0.0,72,0.041666666666666664
2020-05-27,20,192,14,0.0,206,0.06796116504854369
2020-05-27,30,271,10,0.0,281,0.03558718861209965
2020-05-27,40,226,11,1.0,237,0.046413502109704644
2020-05-27,50,275,6,1.0,281,0.021352313167259787
2020-05-27,60,245,6,1.0,251,0.02390438247011952
2020-05-27,70,179,0,1.0,179,0.0
2020-05-27,80,94,2,0.0,96,0.020833333333333332
2020-05-27,90,46,1,2.0,47,0.02127659574468085
2020-05-28,0,39,3,0.0,42,0.07142857142857142
2020-05-28,10,41,6,0.0,47,0.1276595744680851
2020-05-28,20,163,12,0.0,175,0.06857142857142857
2020-05-28,30,248,14,0.0,262,0.05343511450381679
2020-05-28,40,164,8,0.0,172,0.046511627906976744
2020-05-28,50,162,4,0.0,166,0.024096385542168676
2020-05-28,60,137,2,0.0,139,0.014388489208633094
2020-05-28,70,117,6,0.0,123,0.04878048780487805
2020-05-28,80,40,5,0.0,45,0.1111111111111111
2020-05-28,90,22,2,1.0,24,0.08333333333333333
2020-05-29,0,30,0,0.0,30,0.0
2020-05-29,10,50,4,0.0,54,0.07407407407407407
2020-05-29,20,181,18,0.0,199,0.09045226130653267
2020-05-29,30,210,18,0.0,228,0.07894736842105263
2020-05-29,40,161,16,1.0,177,0.0903954802259887
2020-05-29,50,183,13,0.0,196,0.0663265306122449
2020-05-29,60,175,5,1.0,180,0.027777777777777776
2020-05-29,70,136,1,0.0,137,0.0072992700729927005
2020-05-29,80,49,5,0.0,54,0.09259259259259259
2020-05-29,90,16,1,1.0,17,0.058823529411764705
2020-05-30,0,18,1,0.0,19,0.05263157894736842
2020-05-30,10,33,5,0.0,38,0.13157894736842105
2020-05-30,20,121,8,0.0,129,0.06201550387596899
2020-05-30,30,173,4,0.0,177,0.022598870056497175
2020-05-30,40,119,7,0.0,126,0.05555555555555555
2020-05-30,50,145,5,0.0,150,0.03333333333333333
2020-05-30,60,201,0,0.0,201,0.0
2020-05-30,70,185,0,0.0,185,0.0
2020-05-30,80,58,0,0.0,58,0.0
2020-05-30,90,15,0,1.0,15,0.0
2020-05-31,0,18,1,0.0,19,0.05263157894736842
2020-05-31,10,18,1,0.0,19,0.05263157894736842
2020-05-31,20,75,0,0.0,75,0.0
2020-05-31,30,92,5,0.0,97,0.05154639175257732
2020-05-31,40,78,2,0.0,80,0.025
2020-05-31,50,96,2,0.0,98,0.02040816326530612
2020-05-31,60,98,0,0.0,98,0.0
2020-05-31,70,80,0,1.0,80,0.0
2020-05-31,80,35,1,1.0,36,0.027777777777777776
2020-05-31,90,15,0,0.0,15,0.0
2020-06-01,0,35,1,0.0,36,0.027777777777777776
2020-06-01,10,51,3,0.0,54,0.05555555555555555
2020-06-01,20,178,14,0.0,192,0.07291666666666667
2020-06-01,30,228,12,0.0,240,0.05
2020-06-01,40,223,7,0.0,230,0.030434782608695653
2020-06-01,50,263,3,0.0,266,0.011278195488721804
2020-06-01,60,260,2,1.0,262,0.007633587786259542
2020-06-01,70,206,2,0.0,208,0.009615384615384616
2020-06-01,80,65,0,0.0,65,0.0
2020-06-01,90,18,1,1.0,19,0.05263157894736842
2020-06-02,0,34,6,0.0,40,0.15
2020-06-02,10,49,14,0.0,63,0.2222222222222222
2020-06-02,20,222,10,0.0,232,0.04310344827586207
2020-06-02,30,271,9,0.0,280,0.03214285714285714
2020-06-02,40,199,7,0.0,206,0.03398058252427184
2020-06-02,50,261,10,0.0,271,0.03690036900369004
2020-06-02,60,267,3,0.0,270,0.011111111111111112
2020-06-02,70,170,1,0.0,171,0.005847953216374269
2020-06-02,80,66,1,1.0,67,0.014925373134328358
2020-06-02,90,24,2,1.0,26,0.07692307692307693
2020-06-03,0,41,4,0.0,45,0.08888888888888889
2020-06-03,10,56,4,0.0,60,0.06666666666666667
2020-06-03,20,247,9,0.0,256,0.03515625
2020-06-03,30,256,17,0.0,273,0.06227106227106227
2020-06-03,40,238,12,0.0,250,0.048
2020-06-03,50,234,5,0.0,239,0.02092050209205021
2020-06-03,60,227,3,0.0,230,0.013043478260869565
2020-06-03,70,128,3,0.0,131,0.022900763358778626
2020-06-03,80,65,0,1.0,65,0.0
2020-06-03,90,15,1,0.0,16,0.0625
2020-06-04,0,27,0,0.0,27,0.0
2020-06-04,10,44,2,0.0,46,0.043478260869565216
2020-06-04,20,192,5,0.0,197,0.025380710659898477
2020-06-04,30,219,14,1.0,233,0.060085836909871244
2020-06-04,40,150,3,0.0,153,0.0196078431372549
2020-06-04,50,151,9,0.0,160,0.05625
2020-06-04,60,152,3,0.0,155,0.01935483870967742
2020-06-04,70,90,0,0.0,90,0.0
2020-06-04,80,56,0,0.0,56,0.0
2020-06-04,90,23,0,2.0,23,0.0
2020-06-05,0,32,2,0.0,34,0.058823529411764705
2020-06-05,10,61,6,0.0,67,0.08955223880597014
2020-06-05,20,279,11,0.0,290,0.03793103448275862
2020-06-05,30,330,7,0.0,337,0.020771513353115726
2020-06-05,40,250,4,0.0,254,0.015748031496062992
2020-06-05,50,225,3,0.0,228,0.013157894736842105
2020-06-05,60,229,7,0.0,236,0.029661016949152543
2020-06-05,70,137,2,1.0,139,0.014388489208633094
2020-06-05,80,54,0,0.0,54,0.0
2020-06-05,90,20,0,1.0,20,0.0
2020-06-06,0,27,2,0.0,29,0.06896551724137931
2020-06-06,10,33,1,0.0,34,0.029411764705882353
2020-06-06,20,233,7,0.0,240,0.029166666666666667
2020-06-06,30,233,3,0.0,236,0.012711864406779662
2020-06-06,40,158,2,0.0,160,0.0125
2020-06-06,50,230,2,0.0,232,0.008620689655172414
2020-06-06,60,218,3,0.0,221,0.013574660633484163
2020-06-06,70,177,2,1.0,179,0.0111731843575419
2020-06-06,80,59,1,0.0,60,0.016666666666666666
2020-06-06,90,16,0,0.0,16,0.0
2020-06-07,0,12,0,0.0,12,0.0
2020-06-07,10,32,0,0.0,32,0.0
2020-06-07,20,83,4,0.0,87,0.04597701149425287
2020-06-07,30,110,1,0.0,111,0.009009009009009009
2020-06-07,40,82,2,0.0,84,0.023809523809523808
2020-06-07,50,108,2,0.0,110,0.01818181818181818
2020-06-07,60,111,1,1.0,112,0.008928571428571428
2020-06-07,70,82,2,1.0,84,0.023809523809523808
2020-06-07,80,41,1,1.0,42,0.023809523809523808
2020-06-07,90,11,0,0.0,11,0.0
2020-06-08,0,52,3,0.0,55,0.05454545454545454
2020-06-08,10,84,3,0.0,87,0.034482758620689655
2020-06-08,20,436,12,0.0,448,0.026785714285714284
2020-06-08,30,435,17,0.0,452,0.03761061946902655
2020-06-08,40,291,4,0.0,295,0.013559322033898305
2020-06-08,50,365,8,1.0,373,0.021447721179624665
2020-06-08,60,373,4,1.0,377,0.010610079575596816
2020-06-08,70,217,3,0.0,220,0.013636363636363636
2020-06-08,80,84,2,1.0,86,0.023255813953488372
2020-06-08,90,20,1,0.0,21,0.047619047619047616
2020-06-09,0,50,3,0.0,53,0.05660377358490566
2020-06-09,10,93,4,0.0,97,0.041237113402061855
2020-06-09,20,531,13,0.0,544,0.02389705882352941
2020-06-09,30,505,8,0.0,513,0.015594541910331383
2020-06-09,40,344,6,0.0,350,0.017142857142857144
2020-06-09,50,375,4,0.0,379,0.010554089709762533
2020-06-09,60,387,0,0.0,387,0.0
2020-06-09,70,243,3,0.0,246,0.012195121951219513
2020-06-09,80,100,1,0.0,101,0.009900990099009901
2020-06-09,90,20,0,2.0,20,0.0
2020-06-10,0,58,3,0.0,61,0.04918032786885246
2020-06-10,10,112,2,0.0,114,0.017543859649122806
2020-06-10,20,666,10,0.0,676,0.014792899408284023
2020-06-10,30,655,11,0.0,666,0.016516516516516516
2020-06-10,40,334,12,0.0,346,0.03468208092485549
2020-06-10,50,390,1,0.0,391,0.0025575447570332483
2020-06-10,60,314,5,0.0,319,0.01567398119122257
2020-06-10,70,207,2,0.0,209,0.009569377990430622
2020-06-10,80,89,2,0.0,91,0.02197802197802198
2020-06-10,90,32,0,0.0,32,0.0
2020-06-11,0,55,3,0.0,58,0.05172413793103448
2020-06-11,10,80,1,0.0,81,0.012345679012345678
2020-06-11,20,568,16,0.0,584,0.0273972602739726
2020-06-11,30,533,8,0.0,541,0.014787430683918669
2020-06-11,40,321,5,0.0,326,0.015337423312883436
2020-06-11,50,298,6,0.0,304,0.019736842105263157
2020-06-11,60,246,6,0.0,252,0.023809523809523808
2020-06-11,70,126,2,2.0,128,0.015625
2020-06-11,80,63,1,0.0,64,0.015625
2020-06-11,90,33,0,3.0,33,0.0
2020-06-12,0,36,2,0.0,38,0.05263157894736842
2020-06-12,10,97,6,0.0,103,0.05825242718446602
2020-06-12,20,593,13,0.0,606,0.02145214521452145
2020-06-12,30,596,13,0.0,609,0.021346469622331693
2020-06-12,40,354,4,0.0,358,0.0111731843575419
2020-06-12,50,314,8,1.0,322,0.024844720496894408
2020-06-12,60,305,6,1.0,311,0.01929260450160772
2020-06-12,70,183,6,1.0,189,0.031746031746031744
2020-06-12,80,71,11,1.0,82,0.13414634146341464
2020-06-12,90,14,1,0.0,15,0.06666666666666667
2020-06-13,0,50,3,0.0,53,0.05660377358490566
2020-06-13,10,116,3,0.0,119,0.025210084033613446
2020-06-13,20,590,14,0.0,604,0.023178807947019868
2020-06-13,30,604,5,0.0,609,0.008210180623973728
2020-06-13,40,322,3,0.0,325,0.009230769230769232
2020-06-13,50,346,3,0.0,349,0.008595988538681949
2020-06-13,60,369,3,0.0,372,0.008064516129032258
2020-06-13,70,271,2,0.0,273,0.007326007326007326
2020-06-13,80,67,1,1.0,68,0.014705882352941176
2020-06-13,90,23,0,0.0,23,0.0
2020-06-14,0,33,3,0.0,36,0.08333333333333333
2020-06-14,10,60,0,0.0,60,0.0
2020-06-14,20,192,7,0.0,199,0.035175879396984924
2020-06-14,30,226,3,0.0,229,0.013100436681222707
2020-06-14,40,158,1,0.0,159,0.006289308176100629
2020-06-14,50,199,5,0.0,204,0.024509803921568627
2020-06-14,60,248,2,1.0,250,0.008
2020-06-14,70,166,1,0.0,167,0.005988023952095809
2020-06-14,80,47,3,0.0,50,0.06
2020-06-14,90,16,0,0.0,16,0.0
2020-06-15,0,49,5,0.0,54,0.09259259259259259
2020-06-15,10,115,9,0.0,124,0.07258064516129033
2020-06-15,20,662,12,0.0,674,0.017804154302670624
2020-06-15,30,690,13,0.0,703,0.01849217638691323
2020-06-15,40,380,12,0.0,392,0.030612244897959183
2020-06-15,50,462,4,0.0,466,0.008583690987124463
2020-06-15,60,425,10,0.0,435,0.022988505747126436
2020-06-15,70,276,1,0.0,277,0.0036101083032490976
2020-06-15,80,127,0,0.0,127,0.0
2020-06-15,90,31,1,0.0,32,0.03125
2020-06-16,0,39,1,0.0,40,0.025
2020-06-16,10,120,8,0.0,128,0.0625
2020-06-16,20,689,24,0.0,713,0.033660589060308554
2020-06-16,30,729,14,0.0,743,0.018842530282637954
2020-06-16,40,434,11,0.0,445,0.024719101123595506
2020-06-16,50,418,12,0.0,430,0.027906976744186046
2020-06-16,60,383,4,0.0,387,0.0103359173126615
2020-06-16,70,221,1,2.0,222,0.0045045045045045045
2020-06-16,80,88,2,0.0,90,0.022222222222222223
2020-06-16,90,31,0,0.0,31,0.0
2020-06-17,0,80,6,0.0,86,0.06976744186046512
2020-06-17,10,163,4,0.0,167,0.023952095808383235
2020-06-17,20,754,12,0.0,766,0.015665796344647518
2020-06-17,30,740,19,0.0,759,0.025032938076416336
2020-06-17,40,418,17,0.0,435,0.03908045977011494
2020-06-17,50,394,6,0.0,400,0.015
2020-06-17,60,278,3,0.0,281,0.010676156583629894
2020-06-17,70,167,1,0.0,168,0.005952380952380952
2020-06-17,80,81,0,0.0,81,0.0
2020-06-17,90,18,0,1.0,18,0.0
2020-06-18,0,54,0,0.0,54,0.0
2020-06-18,10,120,3,0.0,123,0.024390243902439025
2020-06-18,20,775,28,0.0,803,0.034869240348692404
2020-06-18,30,710,17,0.0,727,0.023383768913342505
2020-06-18,40,402,4,0.0,406,0.009852216748768473
2020-06-18,50,316,7,0.0,323,0.021671826625386997
2020-06-18,60,237,3,0.0,240,0.0125
2020-06-18,70,156,2,0.0,158,0.012658227848101266
2020-06-18,80,89,1,0.0,90,0.011111111111111112
2020-06-18,90,39,0,1.0,39,0.0
2020-06-19,0,63,1,0.0,64,0.015625
2020-06-19,10,123,5,0.0,128,0.0390625
2020-06-19,20,684,18,0.0,702,0.02564102564102564
2020-06-19,30,660,16,0.0,676,0.023668639053254437
2020-06-19,40,358,8,0.0,366,0.02185792349726776
2020-06-19,50,364,10,0.0,374,0.026737967914438502
2020-06-19,60,345,10,0.0,355,0.028169014084507043
2020-06-19,70,217,2,0.0,219,0.0091324200913242
2020-06-19,80,87,4,0.0,91,0.04395604395604396
2020-06-19,90,27,1,0.0,28,0.03571428571428571
2020-06-20,0,46,1,0.0,47,0.02127659574468085
2020-06-20,10,103,3,0.0,106,0.02830188679245283
2020-06-20,20,528,13,0.0,541,0.024029574861367836
2020-06-20,30,589,14,0.0,603,0.02321724709784411
2020-06-20,40,259,13,0.0,272,0.04779411764705882
2020-06-20,50,241,9,0.0,250,0.036
2020-06-20,60,253,3,0.0,256,0.01171875
2020-06-20,70,172,0,0.0,172,0.0
2020-06-20,80,59,2,0.0,61,0.03278688524590164
2020-06-20,90,25,0,1.0,25,0.0
2020-06-21,0,29,2,0.0,31,0.06451612903225806
2020-06-21,10,58,3,0.0,61,0.04918032786885246
2020-06-21,20,120,10,0.0,130,0.07692307692307693
2020-06-21,30,140,9,0.0,149,0.06040268456375839
2020-06-21,40,115,4,0.0,119,0.03361344537815126
2020-06-21,50,146,2,0.0,148,0.013513513513513514
2020-06-21,60,128,1,0.0,129,0.007751937984496124
2020-06-21,70,112,0,0.0,112,0.0
2020-06-21,80,55,0,0.0,55,0.0
2020-06-21,90,5,0,1.0,5,0.0
2020-06-22,0,62,6,0.0,68,0.08823529411764706
2020-06-22,10,147,8,0.0,155,0.05161290322580645
2020-06-22,20,683,26,0.0,709,0.036671368124118475
2020-06-22,30,604,30,0.0,634,0.0473186119873817
2020-06-22,40,385,17,0.0,402,0.04228855721393035
2020-06-22,50,404,17,0.0,421,0.040380047505938245
2020-06-22,60,394,3,0.0,397,0.007556675062972292
2020-06-22,70,250,5,0.0,255,0.0196078431372549
2020-06-22,80,100,2,0.0,102,0.0196078431372549
2020-06-22,90,30,2,0.0,32,0.0625
